{"results": [ { "created_at": "2019-02-24 04:04:17.566515", "price": "AED 5", "name": "Notebook", "uid": "4878bf592579410fba52941d00b62f94", "image_ids": [ "9355183956e3445e89735d877b798689" ], "image_urls": [ "https://demo-app-photos-45687895456123.s3.amazonaws.com/9355183956e3445e89735d877b798689?AWSAccessKeyId=ASIASV3YI6A4Z77HC5FE&Signature=YsQ2j2bI6MOeSrejV5uYXkP%2FA10%3D&x-amz-security-token=IQoJb3JpZ2luX2VjEAMaCXVzLWVhc3QtMSJHMEUCIDZ9pAuxqAsDByy8tBuawFPbw44495Lvkgnu4Cnkh2DWAiEAjXRbQZC8Ghewl%2Ffi7U845EZ4icFvhYXgtc0CkZ9C0wUq1wEI3P%2F%2F%2F%2F%2F%2F%2F%2F%2F%2FARACGgwxODQzOTg5NjY4NDEiDFEacfJgtCgKpn57giqrAU2l%2BCVi0lE96MnBXeOYNLJWC8HpmpYZ7NIOXyiuMxbq3HamgwN0UmK6VzeiMc9Ap1wFWsp2zfP0MEBLZeS4DsxlgxSFEYssWI75%2FS%2BwZT8Y%2B8wi0tTnu0p9i9YBLTaJF5L3jpcx5LasVHVYjqswH9Hg5eL8Xlr592Jnsbvk0epLb7VVvLpcX7ZMSiaWksRJ%2FdL6fKqsU8dtDRncmFsZvStaL1%2F0luVDMdmUijDo37GABjrgAfzlp1%2BG0b3E7NBm0VMIMrLBvqy4NASh%2FQ2c4vR23KIoDd3Qp8qMNzGqQAcvJhYegrr8HWhI5I3197eSjl7xVfJHc2odPH8PFsAeTB3JdUYrA7ZVbDuQ3URZ3BvynCcAIbdBITZxzN0uyr4dga01TSBPmToVCQZQ3F41INNzlmFw2djEylMlnGw8bkbyF%2B1eF552Rs8v%2BsiwRQ57Z%2B9lJScNq2zy7ce06D24vW1gm8mFAeTxF8bsFOp9FGikvl4RFjBt7f6Wsx48Cs0j8hXR%2Bkhw%2BogLplXnts0LHbsuKYWq&Expires=1611431418" ], "image_urls_thumbnails": [ "https://demo-app-photos-45687895456123.s3.amazonaws.com/9355183956e3445e89735d877b798689-thumbnail?AWSAccessKeyId=ASIASV3YI6A4Z77HC5FE&Signature=8RmUifwVfeTdnanCH2XO%2BWixt%2BU%3D&x-amz-security-token=IQoJb3JpZ2luX2VjEAMaCXVzLWVhc3QtMSJHMEUCIDZ9pAuxqAsDByy8tBuawFPbw44495Lvkgnu4Cnkh2DWAiEAjXRbQZC8Ghewl%2Ffi7U845EZ4icFvhYXgtc0CkZ9C0wUq1wEI3P%2F%2F%2F%2F%2F%2F%2F%2F%2F%2FARACGgwxODQzOTg5NjY4NDEiDFEacfJgtCgKpn57giqrAU2l%2BCVi0lE96MnBXeOYNLJWC8HpmpYZ7NIOXyiuMxbq3HamgwN0UmK6VzeiMc9Ap1wFWsp2zfP0MEBLZeS4DsxlgxSFEYssWI75%2FS%2BwZT8Y%2B8wi0tTnu0p9i9YBLTaJF5L3jpcx5LasVHVYjqswH9Hg5eL8Xlr592Jnsbvk0epLb7VVvLpcX7ZMSiaWksRJ%2FdL6fKqsU8dtDRncmFsZvStaL1%2F0luVDMdmUijDo37GABjrgAfzlp1%2BG0b3E7NBm0VMIMrLBvqy4NASh%2FQ2c4vR23KIoDd3Qp8qMNzGqQAcvJhYegrr8HWhI5I3197eSjl7xVfJHc2odPH8PFsAeTB3JdUYrA7ZVbDuQ3URZ3BvynCcAIbdBITZxzN0uyr4dga01TSBPmToVCQZQ3F41INNzlmFw2djEylMlnGw8bkbyF%2B1eF552Rs8v%2BsiwRQ57Z%2B9lJScNq2zy7ce06D24vW1gm8mFAeTxF8bsFOp9FGikvl4RFjBt7f6Wsx48Cs0j8hXR%2Bkhw%2BogLplXnts0LHbsuKYWq&Expires=1611431418" ] }, { "created_at": "2019-02-23 07:56:26.686128","price": "AED 500", "name": "Glasses", "uid": "bdf455e89f3b49f484d2a181b0268eab", "image_ids": [ "46a0c97762ba449cb49b3575681a4d84" ], "image_urls": [ "https://demo-app-photos-45687895456123.s3.amazonaws.com/46a0c97762ba449cb49b3575681a4d84?AWSAccessKeyId=ASIASV3YI6A4Z77HC5FE&Signature=ySFrUzJfE%2BMAs%2BURPy4cCyDhk1g%3D&x-amz-security-token=IQoJb3JpZ2luX2VjEAMaCXVzLWVhc3QtMSJHMEUCIDZ9pAuxqAsDByy8tBuawFPbw44495Lvkgnu4Cnkh2DWAiEAjXRbQZC8Ghewl%2Ffi7U845EZ4icFvhYXgtc0CkZ9C0wUq1wEI3P%2F%2F%2F%2F%2F%2F%2F%2F%2F%2FARACGgwxODQzOTg5NjY4NDEiDFEacfJgtCgKpn57giqrAU2l%2BCVi0lE96MnBXeOYNLJWC8HpmpYZ7NIOXyiuMxbq3HamgwN0UmK6VzeiMc9Ap1wFWsp2zfP0MEBLZeS4DsxlgxSFEYssWI75%2FS%2BwZT8Y%2B8wi0tTnu0p9i9YBLTaJF5L3jpcx5LasVHVYjqswH9Hg5eL8Xlr592Jnsbvk0epLb7VVvLpcX7ZMSiaWksRJ%2FdL6fKqsU8dtDRncmFsZvStaL1%2F0luVDMdmUijDo37GABjrgAfzlp1%2BG0b3E7NBm0VMIMrLBvqy4NASh%2FQ2c4vR23KIoDd3Qp8qMNzGqQAcvJhYegrr8HWhI5I3197eSjl7xVfJHc2odPH8PFsAeTB3JdUYrA7ZVbDuQ3URZ3BvynCcAIbdBITZxzN0uyr4dga01TSBPmToVCQZQ3F41INNzlmFw2djEylMlnGw8bkbyF%2B1eF552Rs8v%2BsiwRQ57Z%2B9lJScNq2zy7ce06D24vW1gm8mFAeTxF8bsFOp9FGikvl4RFjBt7f6Wsx48Cs0j8hXR%2Bkhw%2BogLplXnts0LHbsuKYWq&Expires=1611431418" ], "image_urls_thumbnails": [ "https://demo-app-photos-45687895456123.s3.amazonaws.com/46a0c97762ba449cb49b3575681a4d84-thumbnail?AWSAccessKeyId=ASIASV3YI6A4Z77HC5FE&Signature=3Owv%2BWI6SWbA3kl9CLVIVq2arfg%3D&x-amz-security-token=IQoJb3JpZ2luX2VjEAMaCXVzLWVhc3QtMSJHMEUCIDZ9pAuxqAsDByy8tBuawFPbw44495Lvkgnu4Cnkh2DWAiEAjXRbQZC8Ghewl%2Ffi7U845EZ4icFvhYXgtc0CkZ9C0wUq1wEI3P%2F%2F%2F%2F%2F%2F%2F%2F%2F%2FARACGgwxODQzOTg5NjY4NDEiDFEacfJgtCgKpn57giqrAU2l%2BCVi0lE96MnBXeOYNLJWC8HpmpYZ7NIOXyiuMxbq3HamgwN0UmK6VzeiMc9Ap1wFWsp2zfP0MEBLZeS4DsxlgxSFEYssWI75%2FS%2BwZT8Y%2B8wi0tTnu0p9i9YBLTaJF5L3jpcx5LasVHVYjqswH9Hg5eL8Xlr592Jnsbvk0epLb7VVvLpcX7ZMSiaWksRJ%2FdL6fKqsU8dtDRncmFsZvStaL1%2F0luVDMdmUijDo37GABjrgAfzlp1%2BG0b3E7NBm0VMIMrLBvqy4NASh%2FQ2c4vR23KIoDd3Qp8qMNzGqQAcvJhYegrr8HWhI5I3197eSjl7xVfJHc2odPH8PFsAeTB3JdUYrA7ZVbDuQ3URZ3BvynCcAIbdBITZxzN0uyr4dga01TSBPmToVCQZQ3F41INNzlmFw2djEylMlnGw8bkbyF%2B1eF552Rs8v%2BsiwRQ57Z%2B9lJScNq2zy7ce06D24vW1gm8mFAeTxF8bsFOp9FGikvl4RFjBt7f6Wsx48Cs0j8hXR%2Bkhw%2BogLplXnts0LHbsuKYWq&Expires=1611431419" ] }, { "created_at": "2019-02-27 11:21:59.983164", "price": "AED 600", "name": "monitor", "uid": "b27233dd372543ffae38cce03ea9f047", "image_ids": [ "5cfcab40ab9048c0b265468b9eea8cd8" ], "image_urls": [ "https://demo-app-photos-45687895456123.s3.amazonaws.com/5cfcab40ab9048c0b265468b9eea8cd8?AWSAccessKeyId=ASIASV3YI6A4Z77HC5FE&Signature=TrHnCNue7nOoe8N4KuL6yM%2FhFUU%3D&x-amz-security-token=IQoJb3JpZ2luX2VjEAMaCXVzLWVhc3QtMSJHMEUCIDZ9pAuxqAsDByy8tBuawFPbw44495Lvkgnu4Cnkh2DWAiEAjXRbQZC8Ghewl%2Ffi7U845EZ4icFvhYXgtc0CkZ9C0wUq1wEI3P%2F%2F%2F%2F%2F%2F%2F%2F%2F%2FARACGgwxODQzOTg5NjY4NDEiDFEacfJgtCgKpn57giqrAU2l%2BCVi0lE96MnBXeOYNLJWC8HpmpYZ7NIOXyiuMxbq3HamgwN0UmK6VzeiMc9Ap1wFWsp2zfP0MEBLZeS4DsxlgxSFEYssWI75%2FS%2BwZT8Y%2B8wi0tTnu0p9i9YBLTaJF5L3jpcx5LasVHVYjqswH9Hg5eL8Xlr592Jnsbvk0epLb7VVvLpcX7ZMSiaWksRJ%2FdL6fKqsU8dtDRncmFsZvStaL1%2F0luVDMdmUijDo37GABjrgAfzlp1%2BG0b3E7NBm0VMIMrLBvqy4NASh%2FQ2c4vR23KIoDd3Qp8qMNzGqQAcvJhYegrr8HWhI5I3197eSjl7xVfJHc2odPH8PFsAeTB3JdUYrA7ZVbDuQ3URZ3BvynCcAIbdBITZxzN0uyr4dga01TSBPmToVCQZQ3F41INNzlmFw2djEylMlnGw8bkbyF%2B1eF552Rs8v%2BsiwRQ57Z%2B9lJScNq2zy7ce06D24vW1gm8mFAeTxF8bsFOp9FGikvl4RFjBt7f6Wsx48Cs0j8hXR%2Bkhw%2BogLplXnts0LHbsuKYWq&Expires=1611431419" ], "image_urls_thumbnails": [ "https://demo-app-photos-45687895456123.s3.amazonaws.com/5cfcab40ab9048c0b265468b9eea8cd8-thumbnail?AWSAccessKeyId=ASIASV3YI6A4Z77HC5FE&Signature=7fNU1w%2FnTY7b%2BUql0G1ZUkBQZmU%3D&x-amz-security-token=IQoJb3JpZ2luX2VjEAMaCXVzLWVhc3QtMSJHMEUCIDZ9pAuxqAsDByy8tBuawFPbw44495Lvkgnu4Cnkh2DWAiEAjXRbQZC8Ghewl%2Ffi7U845EZ4icFvhYXgtc0CkZ9C0wUq1wEI3P%2F%2F%2F%2F%2F%2F%2F%2F%2F%2FARACGgwxODQzOTg5NjY4NDEiDFEacfJgtCgKpn57giqrAU2l%2BCVi0lE96MnBXeOYNLJWC8HpmpYZ7NIOXyiuMxbq3HamgwN0UmK6VzeiMc9Ap1wFWsp2zfP0MEBLZeS4DsxlgxSFEYssWI75%2FS%2BwZT8Y%2B8wi0tTnu0p9i9YBLTaJF5L3jpcx5LasVHVYjqswH9Hg5eL8Xlr592Jnsbvk0epLb7VVvLpcX7ZMSiaWksRJ%2FdL6fKqsU8dtDRncmFsZvStaL1%2F0luVDMdmUijDo37GABjrgAfzlp1%2BG0b3E7NBm0VMIMrLBvqy4NASh%2FQ2c4vR23KIoDd3Qp8qMNzGqQAcvJhYegrr8HWhI5I3197eSjl7xVfJHc2odPH8PFsAeTB3JdUYrA7ZVbDuQ3URZ3BvynCcAIbdBITZxzN0uyr4dga01TSBPmToVCQZQ3F41INNzlmFw2djEylMlnGw8bkbyF%2B1eF552Rs8v%2BsiwRQ57Z%2B9lJScNq2zy7ce06D24vW1gm8mFAeTxF8bsFOp9FGikvl4RFjBt7f6Wsx48Cs0j8hXR%2Bkhw%2BogLplXnts0LHbsuKYWq&Expires=1611431419" ] }, { "created_at": "2019-02-23 11:40:26.022080", "price": "AED 600", "name": "acoustic guitar", "uid": "130f46715a20423896606703bb783eda", "image_ids": [ "920ccd0ccd664699aed8b4e09ea55096" ], "image_urls": [ "https://demo-app-photos-45687895456123.s3.amazonaws.com/920ccd0ccd664699aed8b4e09ea55096?AWSAccessKeyId=ASIASV3YI6A4Z77HC5FE&Signature=NKcIEVzXcFrMINUd7EyyDDhYOC4%3D&x-amz-security-token=IQoJb3JpZ2luX2VjEAMaCXVzLWVhc3QtMSJHMEUCIDZ9pAuxqAsDByy8tBuawFPbw44495Lvkgnu4Cnkh2DWAiEAjXRbQZC8Ghewl%2Ffi7U845EZ4icFvhYXgtc0CkZ9C0wUq1wEI3P%2F%2F%2F%2F%2F%2F%2F%2F%2F%2FARACGgwxODQzOTg5NjY4NDEiDFEacfJgtCgKpn57giqrAU2l%2BCVi0lE96MnBXeOYNLJWC8HpmpYZ7NIOXyiuMxbq3HamgwN0UmK6VzeiMc9Ap1wFWsp2zfP0MEBLZeS4DsxlgxSFEYssWI75%2FS%2BwZT8Y%2B8wi0tTnu0p9i9YBLTaJF5L3jpcx5LasVHVYjqswH9Hg5eL8Xlr592Jnsbvk0epLb7VVvLpcX7ZMSiaWksRJ%2FdL6fKqsU8dtDRncmFsZvStaL1%2F0luVDMdmUijDo37GABjrgAfzlp1%2BG0b3E7NBm0VMIMrLBvqy4NASh%2FQ2c4vR23KIoDd3Qp8qMNzGqQAcvJhYegrr8HWhI5I3197eSjl7xVfJHc2odPH8PFsAeTB3JdUYrA7ZVbDuQ3URZ3BvynCcAIbdBITZxzN0uyr4dga01TSBPmToVCQZQ3F41INNzlmFw2djEylMlnGw8bkbyF%2B1eF552Rs8v%2BsiwRQ57Z%2B9lJScNq2zy7ce06D24vW1gm8mFAeTxF8bsFOp9FGikvl4RFjBt7f6Wsx48Cs0j8hXR%2Bkhw%2BogLplXnts0LHbsuKYWq&Expires=1611431419" ], "image_urls_thumbnails": [ "https://demo-app-photos-45687895456123.s3.amazonaws.com/920ccd0ccd664699aed8b4e09ea55096-thumbnail?AWSAccessKeyId=ASIASV3YI6A4Z77HC5FE&Signature=jb48RVbv41vGMtuz8K9dJzQL6o8%3D&x-amz-security-token=IQoJb3JpZ2luX2VjEAMaCXVzLWVhc3QtMSJHMEUCIDZ9pAuxqAsDByy8tBuawFPbw44495Lvkgnu4Cnkh2DWAiEAjXRbQZC8Ghewl%2Ffi7U845EZ4icFvhYXgtc0CkZ9C0wUq1wEI3P%2F%2F%2F%2F%2F%2F%2F%2F%2F%2FARACGgwxODQzOTg5NjY4NDEiDFEacfJgtCgKpn57giqrAU2l%2BCVi0lE96MnBXeOYNLJWC8HpmpYZ7NIOXyiuMxbq3HamgwN0UmK6VzeiMc9Ap1wFWsp2zfP0MEBLZeS4DsxlgxSFEYssWI75%2FS%2BwZT8Y%2B8wi0tTnu0p9i9YBLTaJF5L3jpcx5LasVHVYjqswH9Hg5eL8Xlr592Jnsbvk0epLb7VVvLpcX7ZMSiaWksRJ%2FdL6fKqsU8dtDRncmFsZvStaL1%2F0luVDMdmUijDo37GABjrgAfzlp1%2BG0b3E7NBm0VMIMrLBvqy4NASh%2FQ2c4vR23KIoDd3Qp8qMNzGqQAcvJhYegrr8HWhI5I3197eSjl7xVfJHc2odPH8PFsAeTB3JdUYrA7ZVbDuQ3URZ3BvynCcAIbdBITZxzN0uyr4dga01TSBPmToVCQZQ3F41INNzlmFw2djEylMlnGw8bkbyF%2B1eF552Rs8v%2BsiwRQ57Z%2B9lJScNq2zy7ce06D24vW1gm8mFAeTxF8bsFOp9FGikvl4RFjBt7f6Wsx48Cs0j8hXR%2Bkhw%2BogLplXnts0LHbsuKYWq&Expires=1611431419" ] }, { "created_at": "2019-02-23 11:45:26.684315", "price": "AED 5", "name": "Pen", "uid": "22c5b4fbec0149d7be23ddaec5d743c5", "image_ids": [ "80cf682cc0b4425d9aed74e49ae656be" ], "image_urls": [ "https://demo-app-photos-45687895456123.s3.amazonaws.com/80cf682cc0b4425d9aed74e49ae656be?AWSAccessKeyId=ASIASV3YI6A4Z77HC5FE&Signature=UKvf6YkXT2whf3Q3i7vLklxHucg%3D&x-amz-security-token=IQoJb3JpZ2luX2VjEAMaCXVzLWVhc3QtMSJHMEUCIDZ9pAuxqAsDByy8tBuawFPbw44495Lvkgnu4Cnkh2DWAiEAjXRbQZC8Ghewl%2Ffi7U845EZ4icFvhYXgtc0CkZ9C0wUq1wEI3P%2F%2F%2F%2F%2F%2F%2F%2F%2F%2FARACGgwxODQzOTg5NjY4NDEiDFEacfJgtCgKpn57giqrAU2l%2BCVi0lE96MnBXeOYNLJWC8HpmpYZ7NIOXyiuMxbq3HamgwN0UmK6VzeiMc9Ap1wFWsp2zfP0MEBLZeS4DsxlgxSFEYssWI75%2FS%2BwZT8Y%2B8wi0tTnu0p9i9YBLTaJF5L3jpcx5LasVHVYjqswH9Hg5eL8Xlr592Jnsbvk0epLb7VVvLpcX7ZMSiaWksRJ%2FdL6fKqsU8dtDRncmFsZvStaL1%2F0luVDMdmUijDo37GABjrgAfzlp1%2BG0b3E7NBm0VMIMrLBvqy4NASh%2FQ2c4vR23KIoDd3Qp8qMNzGqQAcvJhYegrr8HWhI5I3197eSjl7xVfJHc2odPH8PFsAeTB3JdUYrA7ZVbDuQ3URZ3BvynCcAIbdBITZxzN0uyr4dga01TSBPmToVCQZQ3F41INNzlmFw2djEylMlnGw8bkbyF%2B1eF552Rs8v%2BsiwRQ57Z%2B9lJScNq2zy7ce06D24vW1gm8mFAeTxF8bsFOp9FGikvl4RFjBt7f6Wsx48Cs0j8hXR%2Bkhw%2BogLplXnts0LHbsuKYWq&Expires=1611431419" ], "image_urls_thumbnails": [ "https://demo-app-photos-45687895456123.s3.amazonaws.com/80cf682cc0b4425d9aed74e49ae656be-thumbnail?AWSAccessKeyId=ASIASV3YI6A4Z77HC5FE&Signature=dQj7sK4pjBFFrc7fRuMlPAK82Oo%3D&x-amz-security-token=IQoJb3JpZ2luX2VjEAMaCXVzLWVhc3QtMSJHMEUCIDZ9pAuxqAsDByy8tBuawFPbw44495Lvkgnu4Cnkh2DWAiEAjXRbQZC8Ghewl%2Ffi7U845EZ4icFvhYXgtc0CkZ9C0wUq1wEI3P%2F%2F%2F%2F%2F%2F%2F%2F%2F%2FARACGgwxODQzOTg5NjY4NDEiDFEacfJgtCgKpn57giqrAU2l%2BCVi0lE96MnBXeOYNLJWC8HpmpYZ7NIOXyiuMxbq3HamgwN0UmK6VzeiMc9Ap1wFWsp2zfP0MEBLZeS4DsxlgxSFEYssWI75%2FS%2BwZT8Y%2B8wi0tTnu0p9i9YBLTaJF5L3jpcx5LasVHVYjqswH9Hg5eL8Xlr592Jnsbvk0epLb7VVvLpcX7ZMSiaWksRJ%2FdL6fKqsU8dtDRncmFsZvStaL1%2F0luVDMdmUijDo37GABjrgAfzlp1%2BG0b3E7NBm0VMIMrLBvqy4NASh%2FQ2c4vR23KIoDd3Qp8qMNzGqQAcvJhYegrr8HWhI5I3197eSjl7xVfJHc2odPH8PFsAeTB3JdUYrA7ZVbDuQ3URZ3BvynCcAIbdBITZxzN0uyr4dga01TSBPmToVCQZQ3F41INNzlmFw2djEylMlnGw8bkbyF%2B1eF552Rs8v%2BsiwRQ57Z%2B9lJScNq2zy7ce06D24vW1gm8mFAeTxF8bsFOp9FGikvl4RFjBt7f6Wsx48Cs0j8hXR%2Bkhw%2BogLplXnts0LHbsuKYWq&Expires=1611431419" ] }, { "created_at": "2019-02-24 03:44:27.587018", "price": "AED 100", "name": "Hat", "uid": "8e72663c6057482386f318b0ff2e8be2", "image_ids": [ "9662015c1f1c4226ad026ddc3390213d" ], "image_urls": [ "https://demo-app-photos-45687895456123.s3.amazonaws.com/9662015c1f1c4226ad026ddc3390213d?AWSAccessKeyId=ASIASV3YI6A4Z77HC5FE&Signature=xB89fQSTndJq50ehIZgFIlRHrJY%3D&x-amz-security-token=IQoJb3JpZ2luX2VjEAMaCXVzLWVhc3QtMSJHMEUCIDZ9pAuxqAsDByy8tBuawFPbw44495Lvkgnu4Cnkh2DWAiEAjXRbQZC8Ghewl%2Ffi7U845EZ4icFvhYXgtc0CkZ9C0wUq1wEI3P%2F%2F%2F%2F%2F%2F%2F%2F%2F%2FARACGgwxODQzOTg5NjY4NDEiDFEacfJgtCgKpn57giqrAU2l%2BCVi0lE96MnBXeOYNLJWC8HpmpYZ7NIOXyiuMxbq3HamgwN0UmK6VzeiMc9Ap1wFWsp2zfP0MEBLZeS4DsxlgxSFEYssWI75%2FS%2BwZT8Y%2B8wi0tTnu0p9i9YBLTaJF5L3jpcx5LasVHVYjqswH9Hg5eL8Xlr592Jnsbvk0epLb7VVvLpcX7ZMSiaWksRJ%2FdL6fKqsU8dtDRncmFsZvStaL1%2F0luVDMdmUijDo37GABjrgAfzlp1%2BG0b3E7NBm0VMIMrLBvqy4NASh%2FQ2c4vR23KIoDd3Qp8qMNzGqQAcvJhYegrr8HWhI5I3197eSjl7xVfJHc2odPH8PFsAeTB3JdUYrA7ZVbDuQ3URZ3BvynCcAIbdBITZxzN0uyr4dga01TSBPmToVCQZQ3F41INNzlmFw2djEylMlnGw8bkbyF%2B1eF552Rs8v%2BsiwRQ57Z%2B9lJScNq2zy7ce06D24vW1gm8mFAeTxF8bsFOp9FGikvl4RFjBt7f6Wsx48Cs0j8hXR%2Bkhw%2BogLplXnts0LHbsuKYWq&Expires=1611431420" ], "image_urls_thumbnails": [ "https://demo-app-photos-45687895456123.s3.amazonaws.com/9662015c1f1c4226ad026ddc3390213d-thumbnail?AWSAccessKeyId=ASIASV3YI6A4Z77HC5FE&Signature=Otwe7E2w8c7KUJzCFUYai%2BqgHUM%3D&x-amz-security-token=IQoJb3JpZ2luX2VjEAMaCXVzLWVhc3QtMSJHMEUCIDZ9pAuxqAsDByy8tBuawFPbw44495Lvkgnu4Cnkh2DWAiEAjXRbQZC8Ghewl%2Ffi7U845EZ4icFvhYXgtc0CkZ9C0wUq1wEI3P%2F%2F%2F%2F%2F%2F%2F%2F%2F%2FARACGgwxODQzOTg5NjY4NDEiDFEacfJgtCgKpn57giqrAU2l%2BCVi0lE96MnBXeOYNLJWC8HpmpYZ7NIOXyiuMxbq3HamgwN0UmK6VzeiMc9Ap1wFWsp2zfP0MEBLZeS4DsxlgxSFEYssWI75%2FS%2BwZT8Y%2B8wi0tTnu0p9i9YBLTaJF5L3jpcx5LasVHVYjqswH9Hg5eL8Xlr592Jnsbvk0epLb7VVvLpcX7ZMSiaWksRJ%2FdL6fKqsU8dtDRncmFsZvStaL1%2F0luVDMdmUijDo37GABjrgAfzlp1%2BG0b3E7NBm0VMIMrLBvqy4NASh%2FQ2c4vR23KIoDd3Qp8qMNzGqQAcvJhYegrr8HWhI5I3197eSjl7xVfJHc2odPH8PFsAeTB3JdUYrA7ZVbDuQ3URZ3BvynCcAIbdBITZxzN0uyr4dga01TSBPmToVCQZQ3F41INNzlmFw2djEylMlnGw8bkbyF%2B1eF552Rs8v%2BsiwRQ57Z%2B9lJScNq2zy7ce06D24vW1gm8mFAeTxF8bsFOp9FGikvl4RFjBt7f6Wsx48Cs0j8hXR%2Bkhw%2BogLplXnts0LHbsuKYWq&Expires=1611431420" ] }, { "created_at": "2019-02-23 11:28:04.222234", "price": "AED 450", "name": "sunglass", "uid": "65dbe8798b414873884ace02980387ec", "image_ids": [ "7842cf27826844b99533144c72c3a379" ], "image_urls": [ "https://demo-app-photos-45687895456123.s3.amazonaws.com/7842cf27826844b99533144c72c3a379?AWSAccessKeyId=ASIASV3YI6A4Z77HC5FE&Signature=jU4HZFOP0c32JSwk%2FhlJh6i%2FmME%3D&x-amz-security-token=IQoJb3JpZ2luX2VjEAMaCXVzLWVhc3QtMSJHMEUCIDZ9pAuxqAsDByy8tBuawFPbw44495Lvkgnu4Cnkh2DWAiEAjXRbQZC8Ghewl%2Ffi7U845EZ4icFvhYXgtc0CkZ9C0wUq1wEI3P%2F%2F%2F%2F%2F%2F%2F%2F%2F%2FARACGgwxODQzOTg5NjY4NDEiDFEacfJgtCgKpn57giqrAU2l%2BCVi0lE96MnBXeOYNLJWC8HpmpYZ7NIOXyiuMxbq3HamgwN0UmK6VzeiMc9Ap1wFWsp2zfP0MEBLZeS4DsxlgxSFEYssWI75%2FS%2BwZT8Y%2B8wi0tTnu0p9i9YBLTaJF5L3jpcx5LasVHVYjqswH9Hg5eL8Xlr592Jnsbvk0epLb7VVvLpcX7ZMSiaWksRJ%2FdL6fKqsU8dtDRncmFsZvStaL1%2F0luVDMdmUijDo37GABjrgAfzlp1%2BG0b3E7NBm0VMIMrLBvqy4NASh%2FQ2c4vR23KIoDd3Qp8qMNzGqQAcvJhYegrr8HWhI5I3197eSjl7xVfJHc2odPH8PFsAeTB3JdUYrA7ZVbDuQ3URZ3BvynCcAIbdBITZxzN0uyr4dga01TSBPmToVCQZQ3F41INNzlmFw2djEylMlnGw8bkbyF%2B1eF552Rs8v%2BsiwRQ57Z%2B9lJScNq2zy7ce06D24vW1gm8mFAeTxF8bsFOp9FGikvl4RFjBt7f6Wsx48Cs0j8hXR%2Bkhw%2BogLplXnts0LHbsuKYWq&Expires=1611431420" ], "image_urls_thumbnails": [ "https://demo-app-photos-45687895456123.s3.amazonaws.com/7842cf27826844b99533144c72c3a379-thumbnail?AWSAccessKeyId=ASIASV3YI6A4Z77HC5FE&Signature=7N1KmQpzGjzuJPrf1FuYHl81pZc%3D&x-amz-security-token=IQoJb3JpZ2luX2VjEAMaCXVzLWVhc3QtMSJHMEUCIDZ9pAuxqAsDByy8tBuawFPbw44495Lvkgnu4Cnkh2DWAiEAjXRbQZC8Ghewl%2Ffi7U845EZ4icFvhYXgtc0CkZ9C0wUq1wEI3P%2F%2F%2F%2F%2F%2F%2F%2F%2F%2FARACGgwxODQzOTg5NjY4NDEiDFEacfJgtCgKpn57giqrAU2l%2BCVi0lE96MnBXeOYNLJWC8HpmpYZ7NIOXyiuMxbq3HamgwN0UmK6VzeiMc9Ap1wFWsp2zfP0MEBLZeS4DsxlgxSFEYssWI75%2FS%2BwZT8Y%2B8wi0tTnu0p9i9YBLTaJF5L3jpcx5LasVHVYjqswH9Hg5eL8Xlr592Jnsbvk0epLb7VVvLpcX7ZMSiaWksRJ%2FdL6fKqsU8dtDRncmFsZvStaL1%2F0luVDMdmUijDo37GABjrgAfzlp1%2BG0b3E7NBm0VMIMrLBvqy4NASh%2FQ2c4vR23KIoDd3Qp8qMNzGqQAcvJhYegrr8HWhI5I3197eSjl7xVfJHc2odPH8PFsAeTB3JdUYrA7ZVbDuQ3URZ3BvynCcAIbdBITZxzN0uyr4dga01TSBPmToVCQZQ3F41INNzlmFw2djEylMlnGw8bkbyF%2B1eF552Rs8v%2BsiwRQ57Z%2B9lJScNq2zy7ce06D24vW1gm8mFAeTxF8bsFOp9FGikvl4RFjBt7f6Wsx48Cs0j8hXR%2Bkhw%2BogLplXnts0LHbsuKYWq&Expires=1611431420" ] }, { "created_at": "2019-02-24 02:34:54.942502", "price": "AED 12", "name": "coffee mug", "uid": "244fe7e3d6e54fd18c72f5ab75e34822", "image_ids": [ "f12fbe72ae0d4ce281f53265f2d36e71" ], "image_urls": [ "https://demo-app-photos-45687895456123.s3.amazonaws.com/f12fbe72ae0d4ce281f53265f2d36e71?AWSAccessKeyId=ASIASV3YI6A4Z77HC5FE&Signature=Y0UpSjwJA3KTXAUa1F%2BeumYhRiQ%3D&x-amz-security-token=IQoJb3JpZ2luX2VjEAMaCXVzLWVhc3QtMSJHMEUCIDZ9pAuxqAsDByy8tBuawFPbw44495Lvkgnu4Cnkh2DWAiEAjXRbQZC8Ghewl%2Ffi7U845EZ4icFvhYXgtc0CkZ9C0wUq1wEI3P%2F%2F%2F%2F%2F%2F%2F%2F%2F%2FARACGgwxODQzOTg5NjY4NDEiDFEacfJgtCgKpn57giqrAU2l%2BCVi0lE96MnBXeOYNLJWC8HpmpYZ7NIOXyiuMxbq3HamgwN0UmK6VzeiMc9Ap1wFWsp2zfP0MEBLZeS4DsxlgxSFEYssWI75%2FS%2BwZT8Y%2B8wi0tTnu0p9i9YBLTaJF5L3jpcx5LasVHVYjqswH9Hg5eL8Xlr592Jnsbvk0epLb7VVvLpcX7ZMSiaWksRJ%2FdL6fKqsU8dtDRncmFsZvStaL1%2F0luVDMdmUijDo37GABjrgAfzlp1%2BG0b3E7NBm0VMIMrLBvqy4NASh%2FQ2c4vR23KIoDd3Qp8qMNzGqQAcvJhYegrr8HWhI5I3197eSjl7xVfJHc2odPH8PFsAeTB3JdUYrA7ZVbDuQ3URZ3BvynCcAIbdBITZxzN0uyr4dga01TSBPmToVCQZQ3F41INNzlmFw2djEylMlnGw8bkbyF%2B1eF552Rs8v%2BsiwRQ57Z%2B9lJScNq2zy7ce06D24vW1gm8mFAeTxF8bsFOp9FGikvl4RFjBt7f6Wsx48Cs0j8hXR%2Bkhw%2BogLplXnts0LHbsuKYWq&Expires=1611431420" ], "image_urls_thumbnails": [ "https://demo-app-photos-45687895456123.s3.amazonaws.com/f12fbe72ae0d4ce281f53265f2d36e71-thumbnail?AWSAccessKeyId=ASIASV3YI6A4Z77HC5FE&Signature=IZY29QEt6MR8HrWCH5o8fmuT57c%3D&x-amz-security-token=IQoJb3JpZ2luX2VjEAMaCXVzLWVhc3QtMSJHMEUCIDZ9pAuxqAsDByy8tBuawFPbw44495Lvkgnu4Cnkh2DWAiEAjXRbQZC8Ghewl%2Ffi7U845EZ4icFvhYXgtc0CkZ9C0wUq1wEI3P%2F%2F%2F%2F%2F%2F%2F%2F%2F%2FARACGgwxODQzOTg5NjY4NDEiDFEacfJgtCgKpn57giqrAU2l%2BCVi0lE96MnBXeOYNLJWC8HpmpYZ7NIOXyiuMxbq3HamgwN0UmK6VzeiMc9Ap1wFWsp2zfP0MEBLZeS4DsxlgxSFEYssWI75%2FS%2BwZT8Y%2B8wi0tTnu0p9i9YBLTaJF5L3jpcx5LasVHVYjqswH9Hg5eL8Xlr592Jnsbvk0epLb7VVvLpcX7ZMSiaWksRJ%2FdL6fKqsU8dtDRncmFsZvStaL1%2F0luVDMdmUijDo37GABjrgAfzlp1%2BG0b3E7NBm0VMIMrLBvqy4NASh%2FQ2c4vR23KIoDd3Qp8qMNzGqQAcvJhYegrr8HWhI5I3197eSjl7xVfJHc2odPH8PFsAeTB3JdUYrA7ZVbDuQ3URZ3BvynCcAIbdBITZxzN0uyr4dga01TSBPmToVCQZQ3F41INNzlmFw2djEylMlnGw8bkbyF%2B1eF552Rs8v%2BsiwRQ57Z%2B9lJScNq2zy7ce06D24vW1gm8mFAeTxF8bsFOp9FGikvl4RFjBt7f6Wsx48Cs0j8hXR%2Bkhw%2BogLplXnts0LHbsuKYWq&Expires=1611431420" ] }, { "created_at": "2019-03-07 16:41:41.115808", "price": "AED 45000", "name": "sports car, sport car", "uid": "e1146fea627d4e40a22282e3e92d00ec", "image_ids": [ "a4afcbffb07f43ec85909346c1ba5cd5" ], "image_urls": [ "https://demo-app-photos-45687895456123.s3.amazonaws.com/a4afcbffb07f43ec85909346c1ba5cd5?AWSAccessKeyId=ASIASV3YI6A4Z77HC5FE&Signature=LET9YvZdIuYHcA0qXB8PecZO29E%3D&x-amz-security-token=IQoJb3JpZ2luX2VjEAMaCXVzLWVhc3QtMSJHMEUCIDZ9pAuxqAsDByy8tBuawFPbw44495Lvkgnu4Cnkh2DWAiEAjXRbQZC8Ghewl%2Ffi7U845EZ4icFvhYXgtc0CkZ9C0wUq1wEI3P%2F%2F%2F%2F%2F%2F%2F%2F%2F%2FARACGgwxODQzOTg5NjY4NDEiDFEacfJgtCgKpn57giqrAU2l%2BCVi0lE96MnBXeOYNLJWC8HpmpYZ7NIOXyiuMxbq3HamgwN0UmK6VzeiMc9Ap1wFWsp2zfP0MEBLZeS4DsxlgxSFEYssWI75%2FS%2BwZT8Y%2B8wi0tTnu0p9i9YBLTaJF5L3jpcx5LasVHVYjqswH9Hg5eL8Xlr592Jnsbvk0epLb7VVvLpcX7ZMSiaWksRJ%2FdL6fKqsU8dtDRncmFsZvStaL1%2F0luVDMdmUijDo37GABjrgAfzlp1%2BG0b3E7NBm0VMIMrLBvqy4NASh%2FQ2c4vR23KIoDd3Qp8qMNzGqQAcvJhYegrr8HWhI5I3197eSjl7xVfJHc2odPH8PFsAeTB3JdUYrA7ZVbDuQ3URZ3BvynCcAIbdBITZxzN0uyr4dga01TSBPmToVCQZQ3F41INNzlmFw2djEylMlnGw8bkbyF%2B1eF552Rs8v%2BsiwRQ57Z%2B9lJScNq2zy7ce06D24vW1gm8mFAeTxF8bsFOp9FGikvl4RFjBt7f6Wsx48Cs0j8hXR%2Bkhw%2BogLplXnts0LHbsuKYWq&Expires=1611431420" ], "image_urls_thumbnails": [ "https://demo-app-photos-45687895456123.s3.amazonaws.com/a4afcbffb07f43ec85909346c1ba5cd5-thumbnail?AWSAccessKeyId=ASIASV3YI6A4Z77HC5FE&Signature=kko%2BSeEpiACrOE%2FW9w8n3H6UMRo%3D&x-amz-security-token=IQoJb3JpZ2luX2VjEAMaCXVzLWVhc3QtMSJHMEUCIDZ9pAuxqAsDByy8tBuawFPbw44495Lvkgnu4Cnkh2DWAiEAjXRbQZC8Ghewl%2Ffi7U845EZ4icFvhYXgtc0CkZ9C0wUq1wEI3P%2F%2F%2F%2F%2F%2F%2F%2F%2F%2FARACGgwxODQzOTg5NjY4NDEiDFEacfJgtCgKpn57giqrAU2l%2BCVi0lE96MnBXeOYNLJWC8HpmpYZ7NIOXyiuMxbq3HamgwN0UmK6VzeiMc9Ap1wFWsp2zfP0MEBLZeS4DsxlgxSFEYssWI75%2FS%2BwZT8Y%2B8wi0tTnu0p9i9YBLTaJF5L3jpcx5LasVHVYjqswH9Hg5eL8Xlr592Jnsbvk0epLb7VVvLpcX7ZMSiaWksRJ%2FdL6fKqsU8dtDRncmFsZvStaL1%2F0luVDMdmUijDo37GABjrgAfzlp1%2BG0b3E7NBm0VMIMrLBvqy4NASh%2FQ2c4vR23KIoDd3Qp8qMNzGqQAcvJhYegrr8HWhI5I3197eSjl7xVfJHc2odPH8PFsAeTB3JdUYrA7ZVbDuQ3URZ3BvynCcAIbdBITZxzN0uyr4dga01TSBPmToVCQZQ3F41INNzlmFw2djEylMlnGw8bkbyF%2B1eF552Rs8v%2BsiwRQ57Z%2B9lJScNq2zy7ce06D24vW1gm8mFAeTxF8bsFOp9FGikvl4RFjBt7f6Wsx48Cs0j8hXR%2Bkhw%2BogLplXnts0LHbsuKYWq&Expires=1611431420" ] }, { "created_at": "2019-09-23 12:42:41.434262", "price": "AED 800", "name": "studio couch, day bed", "uid": "efcbb9de74364f2b982623d4f03a0386", "image_ids": [ "d94ea3ca5a1e424684edd1675776fd47" ], "image_urls": [ "https://demo-app-photos-45687895456123.s3.amazonaws.com/d94ea3ca5a1e424684edd1675776fd47?AWSAccessKeyId=ASIASV3YI6A4Z77HC5FE&Signature=2ySXIKdjEVV1Jyw81x3183C2Azo%3D&x-amz-security-token=IQoJb3JpZ2luX2VjEAMaCXVzLWVhc3QtMSJHMEUCIDZ9pAuxqAsDByy8tBuawFPbw44495Lvkgnu4Cnkh2DWAiEAjXRbQZC8Ghewl%2Ffi7U845EZ4icFvhYXgtc0CkZ9C0wUq1wEI3P%2F%2F%2F%2F%2F%2F%2F%2F%2F%2FARACGgwxODQzOTg5NjY4NDEiDFEacfJgtCgKpn57giqrAU2l%2BCVi0lE96MnBXeOYNLJWC8HpmpYZ7NIOXyiuMxbq3HamgwN0UmK6VzeiMc9Ap1wFWsp2zfP0MEBLZeS4DsxlgxSFEYssWI75%2FS%2BwZT8Y%2B8wi0tTnu0p9i9YBLTaJF5L3jpcx5LasVHVYjqswH9Hg5eL8Xlr592Jnsbvk0epLb7VVvLpcX7ZMSiaWksRJ%2FdL6fKqsU8dtDRncmFsZvStaL1%2F0luVDMdmUijDo37GABjrgAfzlp1%2BG0b3E7NBm0VMIMrLBvqy4NASh%2FQ2c4vR23KIoDd3Qp8qMNzGqQAcvJhYegrr8HWhI5I3197eSjl7xVfJHc2odPH8PFsAeTB3JdUYrA7ZVbDuQ3URZ3BvynCcAIbdBITZxzN0uyr4dga01TSBPmToVCQZQ3F41INNzlmFw2djEylMlnGw8bkbyF%2B1eF552Rs8v%2BsiwRQ57Z%2B9lJScNq2zy7ce06D24vW1gm8mFAeTxF8bsFOp9FGikvl4RFjBt7f6Wsx48Cs0j8hXR%2Bkhw%2BogLplXnts0LHbsuKYWq&Expires=1611431420" ], "image_urls_thumbnails": [ "https://demo-app-photos-45687895456123.s3.amazonaws.com/d94ea3ca5a1e424684edd1675776fd47-thumbnail?AWSAccessKeyId=ASIASV3YI6A4Z77HC5FE&Signature=WF0qb6bAvpCSY5w%2BES5d689NzIk%3D&x-amz-security-token=IQoJb3JpZ2luX2VjEAMaCXVzLWVhc3QtMSJHMEUCIDZ9pAuxqAsDByy8tBuawFPbw44495Lvkgnu4Cnkh2DWAiEAjXRbQZC8Ghewl%2Ffi7U845EZ4icFvhYXgtc0CkZ9C0wUq1wEI3P%2F%2F%2F%2F%2F%2F%2F%2F%2F%2FARACGgwxODQzOTg5NjY4NDEiDFEacfJgtCgKpn57giqrAU2l%2BCVi0lE96MnBXeOYNLJWC8HpmpYZ7NIOXyiuMxbq3HamgwN0UmK6VzeiMc9Ap1wFWsp2zfP0MEBLZeS4DsxlgxSFEYssWI75%2FS%2BwZT8Y%2B8wi0tTnu0p9i9YBLTaJF5L3jpcx5LasVHVYjqswH9Hg5eL8Xlr592Jnsbvk0epLb7VVvLpcX7ZMSiaWksRJ%2FdL6fKqsU8dtDRncmFsZvStaL1%2F0luVDMdmUijDo37GABjrgAfzlp1%2BG0b3E7NBm0VMIMrLBvqy4NASh%2FQ2c4vR23KIoDd3Qp8qMNzGqQAcvJhYegrr8HWhI5I3197eSjl7xVfJHc2odPH8PFsAeTB3JdUYrA7ZVbDuQ3URZ3BvynCcAIbdBITZxzN0uyr4dga01TSBPmToVCQZQ3F41INNzlmFw2djEylMlnGw8bkbyF%2B1eF552Rs8v%2BsiwRQ57Z%2B9lJScNq2zy7ce06D24vW1gm8mFAeTxF8bsFOp9FGikvl4RFjBt7f6Wsx48Cs0j8hXR%2Bkhw%2BogLplXnts0LHbsuKYWq&Expires=1611431420" ] }, { "created_at": "2019-02-23 11:29:41.642087", "price": "AED 250", "name": "table lamp", "uid": "f75dfaa3a9d4485581cd2d49ca02d7a1", "image_ids": [ "03f55185a03e4760a66d3001b7cc6506" ], "image_urls": [ "https://demo-app-photos-45687895456123.s3.amazonaws.com/03f55185a03e4760a66d3001b7cc6506?AWSAccessKeyId=ASIASV3YI6A4Z77HC5FE&Signature=EJ0JBGHWU64eYOLtVnihxEm2NGw%3D&x-amz-security-token=IQoJb3JpZ2luX2VjEAMaCXVzLWVhc3QtMSJHMEUCIDZ9pAuxqAsDByy8tBuawFPbw44495Lvkgnu4Cnkh2DWAiEAjXRbQZC8Ghewl%2Ffi7U845EZ4icFvhYXgtc0CkZ9C0wUq1wEI3P%2F%2F%2F%2F%2F%2F%2F%2F%2F%2FARACGgwxODQzOTg5NjY4NDEiDFEacfJgtCgKpn57giqrAU2l%2BCVi0lE96MnBXeOYNLJWC8HpmpYZ7NIOXyiuMxbq3HamgwN0UmK6VzeiMc9Ap1wFWsp2zfP0MEBLZeS4DsxlgxSFEYssWI75%2FS%2BwZT8Y%2B8wi0tTnu0p9i9YBLTaJF5L3jpcx5LasVHVYjqswH9Hg5eL8Xlr592Jnsbvk0epLb7VVvLpcX7ZMSiaWksRJ%2FdL6fKqsU8dtDRncmFsZvStaL1%2F0luVDMdmUijDo37GABjrgAfzlp1%2BG0b3E7NBm0VMIMrLBvqy4NASh%2FQ2c4vR23KIoDd3Qp8qMNzGqQAcvJhYegrr8HWhI5I3197eSjl7xVfJHc2odPH8PFsAeTB3JdUYrA7ZVbDuQ3URZ3BvynCcAIbdBITZxzN0uyr4dga01TSBPmToVCQZQ3F41INNzlmFw2djEylMlnGw8bkbyF%2B1eF552Rs8v%2BsiwRQ57Z%2B9lJScNq2zy7ce06D24vW1gm8mFAeTxF8bsFOp9FGikvl4RFjBt7f6Wsx48Cs0j8hXR%2Bkhw%2BogLplXnts0LHbsuKYWq&Expires=1611431420" ], "image_urls_thumbnails": [ "https://demo-app-photos-45687895456123.s3.amazonaws.com/03f55185a03e4760a66d3001b7cc6506-thumbnail?AWSAccessKeyId=ASIASV3YI6A4Z77HC5FE&Signature=7B5o%2BDgcbXzHu%2FC2iLvP6oWs7KI%3D&x-amz-security-token=IQoJb3JpZ2luX2VjEAMaCXVzLWVhc3QtMSJHMEUCIDZ9pAuxqAsDByy8tBuawFPbw44495Lvkgnu4Cnkh2DWAiEAjXRbQZC8Ghewl%2Ffi7U845EZ4icFvhYXgtc0CkZ9C0wUq1wEI3P%2F%2F%2F%2F%2F%2F%2F%2F%2F%2FARACGgwxODQzOTg5NjY4NDEiDFEacfJgtCgKpn57giqrAU2l%2BCVi0lE96MnBXeOYNLJWC8HpmpYZ7NIOXyiuMxbq3HamgwN0UmK6VzeiMc9Ap1wFWsp2zfP0MEBLZeS4DsxlgxSFEYssWI75%2FS%2BwZT8Y%2B8wi0tTnu0p9i9YBLTaJF5L3jpcx5LasVHVYjqswH9Hg5eL8Xlr592Jnsbvk0epLb7VVvLpcX7ZMSiaWksRJ%2FdL6fKqsU8dtDRncmFsZvStaL1%2F0luVDMdmUijDo37GABjrgAfzlp1%2BG0b3E7NBm0VMIMrLBvqy4NASh%2FQ2c4vR23KIoDd3Qp8qMNzGqQAcvJhYegrr8HWhI5I3197eSjl7xVfJHc2odPH8PFsAeTB3JdUYrA7ZVbDuQ3URZ3BvynCcAIbdBITZxzN0uyr4dga01TSBPmToVCQZQ3F41INNzlmFw2djEylMlnGw8bkbyF%2B1eF552Rs8v%2BsiwRQ57Z%2B9lJScNq2zy7ce06D24vW1gm8mFAeTxF8bsFOp9FGikvl4RFjBt7f6Wsx48Cs0j8hXR%2Bkhw%2BogLplXnts0LHbsuKYWq&Expires=1611431421" ] }, { "created_at": "2019-03-01 06:34:17.284919", "price": "AED 65", "name": "dial telephone, dial phone", "uid": "b02862ced008434682f5e56eb325eaae", "image_ids": [ "d236200a93d04c5a838bc1ae6c936753" ], "image_urls": [ "https://demo-app-photos-45687895456123.s3.amazonaws.com/d236200a93d04c5a838bc1ae6c936753?AWSAccessKeyId=ASIASV3YI6A4Z77HC5FE&Signature=y6zssqVlr3%2FgtatI12nOT5e8%2F9M%3D&x-amz-security-token=IQoJb3JpZ2luX2VjEAMaCXVzLWVhc3QtMSJHMEUCIDZ9pAuxqAsDByy8tBuawFPbw44495Lvkgnu4Cnkh2DWAiEAjXRbQZC8Ghewl%2Ffi7U845EZ4icFvhYXgtc0CkZ9C0wUq1wEI3P%2F%2F%2F%2F%2F%2F%2F%2F%2F%2FARACGgwxODQzOTg5NjY4NDEiDFEacfJgtCgKpn57giqrAU2l%2BCVi0lE96MnBXeOYNLJWC8HpmpYZ7NIOXyiuMxbq3HamgwN0UmK6VzeiMc9Ap1wFWsp2zfP0MEBLZeS4DsxlgxSFEYssWI75%2FS%2BwZT8Y%2B8wi0tTnu0p9i9YBLTaJF5L3jpcx5LasVHVYjqswH9Hg5eL8Xlr592Jnsbvk0epLb7VVvLpcX7ZMSiaWksRJ%2FdL6fKqsU8dtDRncmFsZvStaL1%2F0luVDMdmUijDo37GABjrgAfzlp1%2BG0b3E7NBm0VMIMrLBvqy4NASh%2FQ2c4vR23KIoDd3Qp8qMNzGqQAcvJhYegrr8HWhI5I3197eSjl7xVfJHc2odPH8PFsAeTB3JdUYrA7ZVbDuQ3URZ3BvynCcAIbdBITZxzN0uyr4dga01TSBPmToVCQZQ3F41INNzlmFw2djEylMlnGw8bkbyF%2B1eF552Rs8v%2BsiwRQ57Z%2B9lJScNq2zy7ce06D24vW1gm8mFAeTxF8bsFOp9FGikvl4RFjBt7f6Wsx48Cs0j8hXR%2Bkhw%2BogLplXnts0LHbsuKYWq&Expires=1611431421" ], "image_urls_thumbnails": [ "https://demo-app-photos-45687895456123.s3.amazonaws.com/d236200a93d04c5a838bc1ae6c936753-thumbnail?AWSAccessKeyId=ASIASV3YI6A4Z77HC5FE&Signature=ZNesej8caqU7KARXSXCg9qb3mKE%3D&x-amz-security-token=IQoJb3JpZ2luX2VjEAMaCXVzLWVhc3QtMSJHMEUCIDZ9pAuxqAsDByy8tBuawFPbw44495Lvkgnu4Cnkh2DWAiEAjXRbQZC8Ghewl%2Ffi7U845EZ4icFvhYXgtc0CkZ9C0wUq1wEI3P%2F%2F%2F%2F%2F%2F%2F%2F%2F%2FARACGgwxODQzOTg5NjY4NDEiDFEacfJgtCgKpn57giqrAU2l%2BCVi0lE96MnBXeOYNLJWC8HpmpYZ7NIOXyiuMxbq3HamgwN0UmK6VzeiMc9Ap1wFWsp2zfP0MEBLZeS4DsxlgxSFEYssWI75%2FS%2BwZT8Y%2B8wi0tTnu0p9i9YBLTaJF5L3jpcx5LasVHVYjqswH9Hg5eL8Xlr592Jnsbvk0epLb7VVvLpcX7ZMSiaWksRJ%2FdL6fKqsU8dtDRncmFsZvStaL1%2F0luVDMdmUijDo37GABjrgAfzlp1%2BG0b3E7NBm0VMIMrLBvqy4NASh%2FQ2c4vR23KIoDd3Qp8qMNzGqQAcvJhYegrr8HWhI5I3197eSjl7xVfJHc2odPH8PFsAeTB3JdUYrA7ZVbDuQ3URZ3BvynCcAIbdBITZxzN0uyr4dga01TSBPmToVCQZQ3F41INNzlmFw2djEylMlnGw8bkbyF%2B1eF552Rs8v%2BsiwRQ57Z%2B9lJScNq2zy7ce06D24vW1gm8mFAeTxF8bsFOp9FGikvl4RFjBt7f6Wsx48Cs0j8hXR%2Bkhw%2BogLplXnts0LHbsuKYWq&Expires=1611431421" ] }, { "created_at": "2019-02-24 06:26:21.752895", "price": "AED 25", "name": "Pen", "uid": "3eddd356004f4e90b7d4ca57ff62184a", "image_ids": [ "23feec72a3b1496c83e619bdb616c95d" ], "image_urls": [ "https://demo-app-photos-45687895456123.s3.amazonaws.com/23feec72a3b1496c83e619bdb616c95d?AWSAccessKeyId=ASIASV3YI6A4Z77HC5FE&Signature=bEb46u%2FfA3cprpN4ZFvusO8HwqQ%3D&x-amz-security-token=IQoJb3JpZ2luX2VjEAMaCXVzLWVhc3QtMSJHMEUCIDZ9pAuxqAsDByy8tBuawFPbw44495Lvkgnu4Cnkh2DWAiEAjXRbQZC8Ghewl%2Ffi7U845EZ4icFvhYXgtc0CkZ9C0wUq1wEI3P%2F%2F%2F%2F%2F%2F%2F%2F%2F%2FARACGgwxODQzOTg5NjY4NDEiDFEacfJgtCgKpn57giqrAU2l%2BCVi0lE96MnBXeOYNLJWC8HpmpYZ7NIOXyiuMxbq3HamgwN0UmK6VzeiMc9Ap1wFWsp2zfP0MEBLZeS4DsxlgxSFEYssWI75%2FS%2BwZT8Y%2B8wi0tTnu0p9i9YBLTaJF5L3jpcx5LasVHVYjqswH9Hg5eL8Xlr592Jnsbvk0epLb7VVvLpcX7ZMSiaWksRJ%2FdL6fKqsU8dtDRncmFsZvStaL1%2F0luVDMdmUijDo37GABjrgAfzlp1%2BG0b3E7NBm0VMIMrLBvqy4NASh%2FQ2c4vR23KIoDd3Qp8qMNzGqQAcvJhYegrr8HWhI5I3197eSjl7xVfJHc2odPH8PFsAeTB3JdUYrA7ZVbDuQ3URZ3BvynCcAIbdBITZxzN0uyr4dga01TSBPmToVCQZQ3F41INNzlmFw2djEylMlnGw8bkbyF%2B1eF552Rs8v%2BsiwRQ57Z%2B9lJScNq2zy7ce06D24vW1gm8mFAeTxF8bsFOp9FGikvl4RFjBt7f6Wsx48Cs0j8hXR%2Bkhw%2BogLplXnts0LHbsuKYWq&Expires=1611431421" ], "image_urls_thumbnails": [ "https://demo-app-photos-45687895456123.s3.amazonaws.com/23feec72a3b1496c83e619bdb616c95d-thumbnail?AWSAccessKeyId=ASIASV3YI6A4Z77HC5FE&Signature=DjLTZoRs%2FLVitvoV1FjuT4hZOaY%3D&x-amz-security-token=IQoJb3JpZ2luX2VjEAMaCXVzLWVhc3QtMSJHMEUCIDZ9pAuxqAsDByy8tBuawFPbw44495Lvkgnu4Cnkh2DWAiEAjXRbQZC8Ghewl%2Ffi7U845EZ4icFvhYXgtc0CkZ9C0wUq1wEI3P%2F%2F%2F%2F%2F%2F%2F%2F%2F%2FARACGgwxODQzOTg5NjY4NDEiDFEacfJgtCgKpn57giqrAU2l%2BCVi0lE96MnBXeOYNLJWC8HpmpYZ7NIOXyiuMxbq3HamgwN0UmK6VzeiMc9Ap1wFWsp2zfP0MEBLZeS4DsxlgxSFEYssWI75%2FS%2BwZT8Y%2B8wi0tTnu0p9i9YBLTaJF5L3jpcx5LasVHVYjqswH9Hg5eL8Xlr592Jnsbvk0epLb7VVvLpcX7ZMSiaWksRJ%2FdL6fKqsU8dtDRncmFsZvStaL1%2F0luVDMdmUijDo37GABjrgAfzlp1%2BG0b3E7NBm0VMIMrLBvqy4NASh%2FQ2c4vR23KIoDd3Qp8qMNzGqQAcvJhYegrr8HWhI5I3197eSjl7xVfJHc2odPH8PFsAeTB3JdUYrA7ZVbDuQ3URZ3BvynCcAIbdBITZxzN0uyr4dga01TSBPmToVCQZQ3F41INNzlmFw2djEylMlnGw8bkbyF%2B1eF552Rs8v%2BsiwRQ57Z%2B9lJScNq2zy7ce06D24vW1gm8mFAeTxF8bsFOp9FGikvl4RFjBt7f6Wsx48Cs0j8hXR%2Bkhw%2BogLplXnts0LHbsuKYWq&Expires=1611431421" ] }, { "created_at": "2019-02-24 04:53:52.285705", "price": "AED 250", "name": "sunglasses, dark glasses, shades", "uid": "28ed7f5695474f87a672eecab8f5f771", "image_ids": [ "61d555b138d74ee793e5664edbeb545f" ], "image_urls": [ "https://demo-app-photos-45687895456123.s3.amazonaws.com/61d555b138d74ee793e5664edbeb545f?AWSAccessKeyId=ASIASV3YI6A4Z77HC5FE&Signature=1XDypOhI6OHyCfzp3yciZSo9Q0I%3D&x-amz-security-token=IQoJb3JpZ2luX2VjEAMaCXVzLWVhc3QtMSJHMEUCIDZ9pAuxqAsDByy8tBuawFPbw44495Lvkgnu4Cnkh2DWAiEAjXRbQZC8Ghewl%2Ffi7U845EZ4icFvhYXgtc0CkZ9C0wUq1wEI3P%2F%2F%2F%2F%2F%2F%2F%2F%2F%2FARACGgwxODQzOTg5NjY4NDEiDFEacfJgtCgKpn57giqrAU2l%2BCVi0lE96MnBXeOYNLJWC8HpmpYZ7NIOXyiuMxbq3HamgwN0UmK6VzeiMc9Ap1wFWsp2zfP0MEBLZeS4DsxlgxSFEYssWI75%2FS%2BwZT8Y%2B8wi0tTnu0p9i9YBLTaJF5L3jpcx5LasVHVYjqswH9Hg5eL8Xlr592Jnsbvk0epLb7VVvLpcX7ZMSiaWksRJ%2FdL6fKqsU8dtDRncmFsZvStaL1%2F0luVDMdmUijDo37GABjrgAfzlp1%2BG0b3E7NBm0VMIMrLBvqy4NASh%2FQ2c4vR23KIoDd3Qp8qMNzGqQAcvJhYegrr8HWhI5I3197eSjl7xVfJHc2odPH8PFsAeTB3JdUYrA7ZVbDuQ3URZ3BvynCcAIbdBITZxzN0uyr4dga01TSBPmToVCQZQ3F41INNzlmFw2djEylMlnGw8bkbyF%2B1eF552Rs8v%2BsiwRQ57Z%2B9lJScNq2zy7ce06D24vW1gm8mFAeTxF8bsFOp9FGikvl4RFjBt7f6Wsx48Cs0j8hXR%2Bkhw%2BogLplXnts0LHbsuKYWq&Expires=1611431421" ], "image_urls_thumbnails": [ "https://demo-app-photos-45687895456123.s3.amazonaws.com/61d555b138d74ee793e5664edbeb545f-thumbnail?AWSAccessKeyId=ASIASV3YI6A4Z77HC5FE&Signature=1o%2BEGMZYeCHEiOaNAQ%2FzyBoc3zo%3D&x-amz-security-token=IQoJb3JpZ2luX2VjEAMaCXVzLWVhc3QtMSJHMEUCIDZ9pAuxqAsDByy8tBuawFPbw44495Lvkgnu4Cnkh2DWAiEAjXRbQZC8Ghewl%2Ffi7U845EZ4icFvhYXgtc0CkZ9C0wUq1wEI3P%2F%2F%2F%2F%2F%2F%2F%2F%2F%2FARACGgwxODQzOTg5NjY4NDEiDFEacfJgtCgKpn57giqrAU2l%2BCVi0lE96MnBXeOYNLJWC8HpmpYZ7NIOXyiuMxbq3HamgwN0UmK6VzeiMc9Ap1wFWsp2zfP0MEBLZeS4DsxlgxSFEYssWI75%2FS%2BwZT8Y%2B8wi0tTnu0p9i9YBLTaJF5L3jpcx5LasVHVYjqswH9Hg5eL8Xlr592Jnsbvk0epLb7VVvLpcX7ZMSiaWksRJ%2FdL6fKqsU8dtDRncmFsZvStaL1%2F0luVDMdmUijDo37GABjrgAfzlp1%2BG0b3E7NBm0VMIMrLBvqy4NASh%2FQ2c4vR23KIoDd3Qp8qMNzGqQAcvJhYegrr8HWhI5I3197eSjl7xVfJHc2odPH8PFsAeTB3JdUYrA7ZVbDuQ3URZ3BvynCcAIbdBITZxzN0uyr4dga01TSBPmToVCQZQ3F41INNzlmFw2djEylMlnGw8bkbyF%2B1eF552Rs8v%2BsiwRQ57Z%2B9lJScNq2zy7ce06D24vW1gm8mFAeTxF8bsFOp9FGikvl4RFjBt7f6Wsx48Cs0j8hXR%2Bkhw%2BogLplXnts0LHbsuKYWq&Expires=1611431421" ] }, { "created_at": "2019-02-25 05:45:46.643514", "price": "AED 75", "name": "Book", "uid": "ffdc6d7d51ad44babe02614b26c56245", "image_ids": [ "a3ca30d2488e43e68d4109b991ff2b42" ], "image_urls": [ "https://demo-app-photos-45687895456123.s3.amazonaws.com/a3ca30d2488e43e68d4109b991ff2b42?AWSAccessKeyId=ASIASV3YI6A4Z77HC5FE&Signature=TBJBOv7sojZlC8PD79SXJuh%2BvQ8%3D&x-amz-security-token=IQoJb3JpZ2luX2VjEAMaCXVzLWVhc3QtMSJHMEUCIDZ9pAuxqAsDByy8tBuawFPbw44495Lvkgnu4Cnkh2DWAiEAjXRbQZC8Ghewl%2Ffi7U845EZ4icFvhYXgtc0CkZ9C0wUq1wEI3P%2F%2F%2F%2F%2F%2F%2F%2F%2F%2FARACGgwxODQzOTg5NjY4NDEiDFEacfJgtCgKpn57giqrAU2l%2BCVi0lE96MnBXeOYNLJWC8HpmpYZ7NIOXyiuMxbq3HamgwN0UmK6VzeiMc9Ap1wFWsp2zfP0MEBLZeS4DsxlgxSFEYssWI75%2FS%2BwZT8Y%2B8wi0tTnu0p9i9YBLTaJF5L3jpcx5LasVHVYjqswH9Hg5eL8Xlr592Jnsbvk0epLb7VVvLpcX7ZMSiaWksRJ%2FdL6fKqsU8dtDRncmFsZvStaL1%2F0luVDMdmUijDo37GABjrgAfzlp1%2BG0b3E7NBm0VMIMrLBvqy4NASh%2FQ2c4vR23KIoDd3Qp8qMNzGqQAcvJhYegrr8HWhI5I3197eSjl7xVfJHc2odPH8PFsAeTB3JdUYrA7ZVbDuQ3URZ3BvynCcAIbdBITZxzN0uyr4dga01TSBPmToVCQZQ3F41INNzlmFw2djEylMlnGw8bkbyF%2B1eF552Rs8v%2BsiwRQ57Z%2B9lJScNq2zy7ce06D24vW1gm8mFAeTxF8bsFOp9FGikvl4RFjBt7f6Wsx48Cs0j8hXR%2Bkhw%2BogLplXnts0LHbsuKYWq&Expires=1611431421" ], "image_urls_thumbnails": [ "https://demo-app-photos-45687895456123.s3.amazonaws.com/a3ca30d2488e43e68d4109b991ff2b42-thumbnail?AWSAccessKeyId=ASIASV3YI6A4Z77HC5FE&Signature=IEjo8B6AIEwNma2daLh%2BvEUMWWw%3D&x-amz-security-token=IQoJb3JpZ2luX2VjEAMaCXVzLWVhc3QtMSJHMEUCIDZ9pAuxqAsDByy8tBuawFPbw44495Lvkgnu4Cnkh2DWAiEAjXRbQZC8Ghewl%2Ffi7U845EZ4icFvhYXgtc0CkZ9C0wUq1wEI3P%2F%2F%2F%2F%2F%2F%2F%2F%2F%2FARACGgwxODQzOTg5NjY4NDEiDFEacfJgtCgKpn57giqrAU2l%2BCVi0lE96MnBXeOYNLJWC8HpmpYZ7NIOXyiuMxbq3HamgwN0UmK6VzeiMc9Ap1wFWsp2zfP0MEBLZeS4DsxlgxSFEYssWI75%2FS%2BwZT8Y%2B8wi0tTnu0p9i9YBLTaJF5L3jpcx5LasVHVYjqswH9Hg5eL8Xlr592Jnsbvk0epLb7VVvLpcX7ZMSiaWksRJ%2FdL6fKqsU8dtDRncmFsZvStaL1%2F0luVDMdmUijDo37GABjrgAfzlp1%2BG0b3E7NBm0VMIMrLBvqy4NASh%2FQ2c4vR23KIoDd3Qp8qMNzGqQAcvJhYegrr8HWhI5I3197eSjl7xVfJHc2odPH8PFsAeTB3JdUYrA7ZVbDuQ3URZ3BvynCcAIbdBITZxzN0uyr4dga01TSBPmToVCQZQ3F41INNzlmFw2djEylMlnGw8bkbyF%2B1eF552Rs8v%2BsiwRQ57Z%2B9lJScNq2zy7ce06D24vW1gm8mFAeTxF8bsFOp9FGikvl4RFjBt7f6Wsx48Cs0j8hXR%2Bkhw%2BogLplXnts0LHbsuKYWq&Expires=1611431421" ] }, { "created_at": "2019-02-23 11:47:52.822642", "price": "AED 12", "name": "Notebook ", "uid": "74bd19c947cb4904be7a1bd9345de4d3", "image_ids": [ "5210489479784ca8bd9e0ac583b4199a" ], "image_urls": [ "https://demo-app-photos-45687895456123.s3.amazonaws.com/5210489479784ca8bd9e0ac583b4199a?AWSAccessKeyId=ASIASV3YI6A4Z77HC5FE&Signature=m%2FvU%2BOH0zKK9vf0p%2FqQhIaAoEwg%3D&x-amz-security-token=IQoJb3JpZ2luX2VjEAMaCXVzLWVhc3QtMSJHMEUCIDZ9pAuxqAsDByy8tBuawFPbw44495Lvkgnu4Cnkh2DWAiEAjXRbQZC8Ghewl%2Ffi7U845EZ4icFvhYXgtc0CkZ9C0wUq1wEI3P%2F%2F%2F%2F%2F%2F%2F%2F%2F%2FARACGgwxODQzOTg5NjY4NDEiDFEacfJgtCgKpn57giqrAU2l%2BCVi0lE96MnBXeOYNLJWC8HpmpYZ7NIOXyiuMxbq3HamgwN0UmK6VzeiMc9Ap1wFWsp2zfP0MEBLZeS4DsxlgxSFEYssWI75%2FS%2BwZT8Y%2B8wi0tTnu0p9i9YBLTaJF5L3jpcx5LasVHVYjqswH9Hg5eL8Xlr592Jnsbvk0epLb7VVvLpcX7ZMSiaWksRJ%2FdL6fKqsU8dtDRncmFsZvStaL1%2F0luVDMdmUijDo37GABjrgAfzlp1%2BG0b3E7NBm0VMIMrLBvqy4NASh%2FQ2c4vR23KIoDd3Qp8qMNzGqQAcvJhYegrr8HWhI5I3197eSjl7xVfJHc2odPH8PFsAeTB3JdUYrA7ZVbDuQ3URZ3BvynCcAIbdBITZxzN0uyr4dga01TSBPmToVCQZQ3F41INNzlmFw2djEylMlnGw8bkbyF%2B1eF552Rs8v%2BsiwRQ57Z%2B9lJScNq2zy7ce06D24vW1gm8mFAeTxF8bsFOp9FGikvl4RFjBt7f6Wsx48Cs0j8hXR%2Bkhw%2BogLplXnts0LHbsuKYWq&Expires=1611431421" ], "image_urls_thumbnails": [ "https://demo-app-photos-45687895456123.s3.amazonaws.com/5210489479784ca8bd9e0ac583b4199a-thumbnail?AWSAccessKeyId=ASIASV3YI6A4Z77HC5FE&Signature=U9DlMfsAVdRJ4RCs4JdJW7GEtUc%3D&x-amz-security-token=IQoJb3JpZ2luX2VjEAMaCXVzLWVhc3QtMSJHMEUCIDZ9pAuxqAsDByy8tBuawFPbw44495Lvkgnu4Cnkh2DWAiEAjXRbQZC8Ghewl%2Ffi7U845EZ4icFvhYXgtc0CkZ9C0wUq1wEI3P%2F%2F%2F%2F%2F%2F%2F%2F%2F%2FARACGgwxODQzOTg5NjY4NDEiDFEacfJgtCgKpn57giqrAU2l%2BCVi0lE96MnBXeOYNLJWC8HpmpYZ7NIOXyiuMxbq3HamgwN0UmK6VzeiMc9Ap1wFWsp2zfP0MEBLZeS4DsxlgxSFEYssWI75%2FS%2BwZT8Y%2B8wi0tTnu0p9i9YBLTaJF5L3jpcx5LasVHVYjqswH9Hg5eL8Xlr592Jnsbvk0epLb7VVvLpcX7ZMSiaWksRJ%2FdL6fKqsU8dtDRncmFsZvStaL1%2F0luVDMdmUijDo37GABjrgAfzlp1%2BG0b3E7NBm0VMIMrLBvqy4NASh%2FQ2c4vR23KIoDd3Qp8qMNzGqQAcvJhYegrr8HWhI5I3197eSjl7xVfJHc2odPH8PFsAeTB3JdUYrA7ZVbDuQ3URZ3BvynCcAIbdBITZxzN0uyr4dga01TSBPmToVCQZQ3F41INNzlmFw2djEylMlnGw8bkbyF%2B1eF552Rs8v%2BsiwRQ57Z%2B9lJScNq2zy7ce06D24vW1gm8mFAeTxF8bsFOp9FGikvl4RFjBt7f6Wsx48Cs0j8hXR%2Bkhw%2BogLplXnts0LHbsuKYWq&Expires=1611431421" ] }, { "created_at": "2019-02-23 11:29:03.524622", "price": "AED 60", "name": "pineapple, ananas", "uid": "482ed483d36d498bac5b9b8c27de9421", "image_ids": [ "1ab1a4b21d6747c9994d0dff3ff6c634" ], "image_urls": [ "https://demo-app-photos-45687895456123.s3.amazonaws.com/1ab1a4b21d6747c9994d0dff3ff6c634?AWSAccessKeyId=ASIASV3YI6A4Z77HC5FE&Signature=k9QA5RbYJl%2FGVrRoBkjchxCK29c%3D&x-amz-security-token=IQoJb3JpZ2luX2VjEAMaCXVzLWVhc3QtMSJHMEUCIDZ9pAuxqAsDByy8tBuawFPbw44495Lvkgnu4Cnkh2DWAiEAjXRbQZC8Ghewl%2Ffi7U845EZ4icFvhYXgtc0CkZ9C0wUq1wEI3P%2F%2F%2F%2F%2F%2F%2F%2F%2F%2FARACGgwxODQzOTg5NjY4NDEiDFEacfJgtCgKpn57giqrAU2l%2BCVi0lE96MnBXeOYNLJWC8HpmpYZ7NIOXyiuMxbq3HamgwN0UmK6VzeiMc9Ap1wFWsp2zfP0MEBLZeS4DsxlgxSFEYssWI75%2FS%2BwZT8Y%2B8wi0tTnu0p9i9YBLTaJF5L3jpcx5LasVHVYjqswH9Hg5eL8Xlr592Jnsbvk0epLb7VVvLpcX7ZMSiaWksRJ%2FdL6fKqsU8dtDRncmFsZvStaL1%2F0luVDMdmUijDo37GABjrgAfzlp1%2BG0b3E7NBm0VMIMrLBvqy4NASh%2FQ2c4vR23KIoDd3Qp8qMNzGqQAcvJhYegrr8HWhI5I3197eSjl7xVfJHc2odPH8PFsAeTB3JdUYrA7ZVbDuQ3URZ3BvynCcAIbdBITZxzN0uyr4dga01TSBPmToVCQZQ3F41INNzlmFw2djEylMlnGw8bkbyF%2B1eF552Rs8v%2BsiwRQ57Z%2B9lJScNq2zy7ce06D24vW1gm8mFAeTxF8bsFOp9FGikvl4RFjBt7f6Wsx48Cs0j8hXR%2Bkhw%2BogLplXnts0LHbsuKYWq&Expires=1611431422" ], "image_urls_thumbnails": [ "https://demo-app-photos-45687895456123.s3.amazonaws.com/1ab1a4b21d6747c9994d0dff3ff6c634-thumbnail?AWSAccessKeyId=ASIASV3YI6A4Z77HC5FE&Signature=K19MwTE%2BdYdgl78DocM02JrTg7s%3D&x-amz-security-token=IQoJb3JpZ2luX2VjEAMaCXVzLWVhc3QtMSJHMEUCIDZ9pAuxqAsDByy8tBuawFPbw44495Lvkgnu4Cnkh2DWAiEAjXRbQZC8Ghewl%2Ffi7U845EZ4icFvhYXgtc0CkZ9C0wUq1wEI3P%2F%2F%2F%2F%2F%2F%2F%2F%2F%2FARACGgwxODQzOTg5NjY4NDEiDFEacfJgtCgKpn57giqrAU2l%2BCVi0lE96MnBXeOYNLJWC8HpmpYZ7NIOXyiuMxbq3HamgwN0UmK6VzeiMc9Ap1wFWsp2zfP0MEBLZeS4DsxlgxSFEYssWI75%2FS%2BwZT8Y%2B8wi0tTnu0p9i9YBLTaJF5L3jpcx5LasVHVYjqswH9Hg5eL8Xlr592Jnsbvk0epLb7VVvLpcX7ZMSiaWksRJ%2FdL6fKqsU8dtDRncmFsZvStaL1%2F0luVDMdmUijDo37GABjrgAfzlp1%2BG0b3E7NBm0VMIMrLBvqy4NASh%2FQ2c4vR23KIoDd3Qp8qMNzGqQAcvJhYegrr8HWhI5I3197eSjl7xVfJHc2odPH8PFsAeTB3JdUYrA7ZVbDuQ3URZ3BvynCcAIbdBITZxzN0uyr4dga01TSBPmToVCQZQ3F41INNzlmFw2djEylMlnGw8bkbyF%2B1eF552Rs8v%2BsiwRQ57Z%2B9lJScNq2zy7ce06D24vW1gm8mFAeTxF8bsFOp9FGikvl4RFjBt7f6Wsx48Cs0j8hXR%2Bkhw%2BogLplXnts0LHbsuKYWq&Expires=1611431422" ] }, { "created_at": "2019-02-27 12:24:40.969061", "price": "AED 25", "name": "Notebook ", "uid": "bb2882a984884d1f86e877c5194ee44e", "image_ids": [ "6bda5343ed714ddf90af089de05fe9c6" ], "image_urls": [ "https://demo-app-photos-45687895456123.s3.amazonaws.com/6bda5343ed714ddf90af089de05fe9c6?AWSAccessKeyId=ASIASV3YI6A4Z77HC5FE&Signature=gAg68zlaDmIpnhbJuFCQMc7%2FAOg%3D&x-amz-security-token=IQoJb3JpZ2luX2VjEAMaCXVzLWVhc3QtMSJHMEUCIDZ9pAuxqAsDByy8tBuawFPbw44495Lvkgnu4Cnkh2DWAiEAjXRbQZC8Ghewl%2Ffi7U845EZ4icFvhYXgtc0CkZ9C0wUq1wEI3P%2F%2F%2F%2F%2F%2F%2F%2F%2F%2FARACGgwxODQzOTg5NjY4NDEiDFEacfJgtCgKpn57giqrAU2l%2BCVi0lE96MnBXeOYNLJWC8HpmpYZ7NIOXyiuMxbq3HamgwN0UmK6VzeiMc9Ap1wFWsp2zfP0MEBLZeS4DsxlgxSFEYssWI75%2FS%2BwZT8Y%2B8wi0tTnu0p9i9YBLTaJF5L3jpcx5LasVHVYjqswH9Hg5eL8Xlr592Jnsbvk0epLb7VVvLpcX7ZMSiaWksRJ%2FdL6fKqsU8dtDRncmFsZvStaL1%2F0luVDMdmUijDo37GABjrgAfzlp1%2BG0b3E7NBm0VMIMrLBvqy4NASh%2FQ2c4vR23KIoDd3Qp8qMNzGqQAcvJhYegrr8HWhI5I3197eSjl7xVfJHc2odPH8PFsAeTB3JdUYrA7ZVbDuQ3URZ3BvynCcAIbdBITZxzN0uyr4dga01TSBPmToVCQZQ3F41INNzlmFw2djEylMlnGw8bkbyF%2B1eF552Rs8v%2BsiwRQ57Z%2B9lJScNq2zy7ce06D24vW1gm8mFAeTxF8bsFOp9FGikvl4RFjBt7f6Wsx48Cs0j8hXR%2Bkhw%2BogLplXnts0LHbsuKYWq&Expires=1611431422" ], "image_urls_thumbnails": [ "https://demo-app-photos-45687895456123.s3.amazonaws.com/6bda5343ed714ddf90af089de05fe9c6-thumbnail?AWSAccessKeyId=ASIASV3YI6A4Z77HC5FE&Signature=lpQOC1UkCnRobiJ7H47PwC7gues%3D&x-amz-security-token=IQoJb3JpZ2luX2VjEAMaCXVzLWVhc3QtMSJHMEUCIDZ9pAuxqAsDByy8tBuawFPbw44495Lvkgnu4Cnkh2DWAiEAjXRbQZC8Ghewl%2Ffi7U845EZ4icFvhYXgtc0CkZ9C0wUq1wEI3P%2F%2F%2F%2F%2F%2F%2F%2F%2F%2FARACGgwxODQzOTg5NjY4NDEiDFEacfJgtCgKpn57giqrAU2l%2BCVi0lE96MnBXeOYNLJWC8HpmpYZ7NIOXyiuMxbq3HamgwN0UmK6VzeiMc9Ap1wFWsp2zfP0MEBLZeS4DsxlgxSFEYssWI75%2FS%2BwZT8Y%2B8wi0tTnu0p9i9YBLTaJF5L3jpcx5LasVHVYjqswH9Hg5eL8Xlr592Jnsbvk0epLb7VVvLpcX7ZMSiaWksRJ%2FdL6fKqsU8dtDRncmFsZvStaL1%2F0luVDMdmUijDo37GABjrgAfzlp1%2BG0b3E7NBm0VMIMrLBvqy4NASh%2FQ2c4vR23KIoDd3Qp8qMNzGqQAcvJhYegrr8HWhI5I3197eSjl7xVfJHc2odPH8PFsAeTB3JdUYrA7ZVbDuQ3URZ3BvynCcAIbdBITZxzN0uyr4dga01TSBPmToVCQZQ3F41INNzlmFw2djEylMlnGw8bkbyF%2B1eF552Rs8v%2BsiwRQ57Z%2B9lJScNq2zy7ce06D24vW1gm8mFAeTxF8bsFOp9FGikvl4RFjBt7f6Wsx48Cs0j8hXR%2Bkhw%2BogLplXnts0LHbsuKYWq&Expires=1611431422" ] }, { "created_at": "2019-04-15 13:38:53.687469", "price": "AED 50", "name": "book jacket, dust cover, dust jacket, dust wrapper", "uid": "82165781e3294de4b916541dfc6ad60e", "image_ids": [ "9d002219af9c4374bfdf54730a745606" ], "image_urls": [ "https://demo-app-photos-45687895456123.s3.amazonaws.com/9d002219af9c4374bfdf54730a745606?AWSAccessKeyId=ASIASV3YI6A4Z77HC5FE&Signature=HumJbDqvM9COfiT0IUEybYEuEq4%3D&x-amz-security-token=IQoJb3JpZ2luX2VjEAMaCXVzLWVhc3QtMSJHMEUCIDZ9pAuxqAsDByy8tBuawFPbw44495Lvkgnu4Cnkh2DWAiEAjXRbQZC8Ghewl%2Ffi7U845EZ4icFvhYXgtc0CkZ9C0wUq1wEI3P%2F%2F%2F%2F%2F%2F%2F%2F%2F%2FARACGgwxODQzOTg5NjY4NDEiDFEacfJgtCgKpn57giqrAU2l%2BCVi0lE96MnBXeOYNLJWC8HpmpYZ7NIOXyiuMxbq3HamgwN0UmK6VzeiMc9Ap1wFWsp2zfP0MEBLZeS4DsxlgxSFEYssWI75%2FS%2BwZT8Y%2B8wi0tTnu0p9i9YBLTaJF5L3jpcx5LasVHVYjqswH9Hg5eL8Xlr592Jnsbvk0epLb7VVvLpcX7ZMSiaWksRJ%2FdL6fKqsU8dtDRncmFsZvStaL1%2F0luVDMdmUijDo37GABjrgAfzlp1%2BG0b3E7NBm0VMIMrLBvqy4NASh%2FQ2c4vR23KIoDd3Qp8qMNzGqQAcvJhYegrr8HWhI5I3197eSjl7xVfJHc2odPH8PFsAeTB3JdUYrA7ZVbDuQ3URZ3BvynCcAIbdBITZxzN0uyr4dga01TSBPmToVCQZQ3F41INNzlmFw2djEylMlnGw8bkbyF%2B1eF552Rs8v%2BsiwRQ57Z%2B9lJScNq2zy7ce06D24vW1gm8mFAeTxF8bsFOp9FGikvl4RFjBt7f6Wsx48Cs0j8hXR%2Bkhw%2BogLplXnts0LHbsuKYWq&Expires=1611431422" ], "image_urls_thumbnails": [ "https://demo-app-photos-45687895456123.s3.amazonaws.com/9d002219af9c4374bfdf54730a745606-thumbnail?AWSAccessKeyId=ASIASV3YI6A4Z77HC5FE&Signature=fDHPzrTFJzqNdR6qOFX%2Fih%2FGbrc%3D&x-amz-security-token=IQoJb3JpZ2luX2VjEAMaCXVzLWVhc3QtMSJHMEUCIDZ9pAuxqAsDByy8tBuawFPbw44495Lvkgnu4Cnkh2DWAiEAjXRbQZC8Ghewl%2Ffi7U845EZ4icFvhYXgtc0CkZ9C0wUq1wEI3P%2F%2F%2F%2F%2F%2F%2F%2F%2F%2FARACGgwxODQzOTg5NjY4NDEiDFEacfJgtCgKpn57giqrAU2l%2BCVi0lE96MnBXeOYNLJWC8HpmpYZ7NIOXyiuMxbq3HamgwN0UmK6VzeiMc9Ap1wFWsp2zfP0MEBLZeS4DsxlgxSFEYssWI75%2FS%2BwZT8Y%2B8wi0tTnu0p9i9YBLTaJF5L3jpcx5LasVHVYjqswH9Hg5eL8Xlr592Jnsbvk0epLb7VVvLpcX7ZMSiaWksRJ%2FdL6fKqsU8dtDRncmFsZvStaL1%2F0luVDMdmUijDo37GABjrgAfzlp1%2BG0b3E7NBm0VMIMrLBvqy4NASh%2FQ2c4vR23KIoDd3Qp8qMNzGqQAcvJhYegrr8HWhI5I3197eSjl7xVfJHc2odPH8PFsAeTB3JdUYrA7ZVbDuQ3URZ3BvynCcAIbdBITZxzN0uyr4dga01TSBPmToVCQZQ3F41INNzlmFw2djEylMlnGw8bkbyF%2B1eF552Rs8v%2BsiwRQ57Z%2B9lJScNq2zy7ce06D24vW1gm8mFAeTxF8bsFOp9FGikvl4RFjBt7f6Wsx48Cs0j8hXR%2Bkhw%2BogLplXnts0LHbsuKYWq&Expires=1611431422" ] }, { "created_at": "2019-02-23 11:11:01.282260", "price": "AED 45", "name": "mouse, computer mouse", "uid": "0fa43a3cb366475fb5d60fe1a208fe95", "image_ids": [ "c96e82f913034c27b291a1722613f162" ], "image_urls": [ "https://demo-app-photos-45687895456123.s3.amazonaws.com/c96e82f913034c27b291a1722613f162?AWSAccessKeyId=ASIASV3YI6A4Z77HC5FE&Signature=PQhnvRNdR%2B99M5KQj%2BUQHPpAAUQ%3D&x-amz-security-token=IQoJb3JpZ2luX2VjEAMaCXVzLWVhc3QtMSJHMEUCIDZ9pAuxqAsDByy8tBuawFPbw44495Lvkgnu4Cnkh2DWAiEAjXRbQZC8Ghewl%2Ffi7U845EZ4icFvhYXgtc0CkZ9C0wUq1wEI3P%2F%2F%2F%2F%2F%2F%2F%2F%2F%2FARACGgwxODQzOTg5NjY4NDEiDFEacfJgtCgKpn57giqrAU2l%2BCVi0lE96MnBXeOYNLJWC8HpmpYZ7NIOXyiuMxbq3HamgwN0UmK6VzeiMc9Ap1wFWsp2zfP0MEBLZeS4DsxlgxSFEYssWI75%2FS%2BwZT8Y%2B8wi0tTnu0p9i9YBLTaJF5L3jpcx5LasVHVYjqswH9Hg5eL8Xlr592Jnsbvk0epLb7VVvLpcX7ZMSiaWksRJ%2FdL6fKqsU8dtDRncmFsZvStaL1%2F0luVDMdmUijDo37GABjrgAfzlp1%2BG0b3E7NBm0VMIMrLBvqy4NASh%2FQ2c4vR23KIoDd3Qp8qMNzGqQAcvJhYegrr8HWhI5I3197eSjl7xVfJHc2odPH8PFsAeTB3JdUYrA7ZVbDuQ3URZ3BvynCcAIbdBITZxzN0uyr4dga01TSBPmToVCQZQ3F41INNzlmFw2djEylMlnGw8bkbyF%2B1eF552Rs8v%2BsiwRQ57Z%2B9lJScNq2zy7ce06D24vW1gm8mFAeTxF8bsFOp9FGikvl4RFjBt7f6Wsx48Cs0j8hXR%2Bkhw%2BogLplXnts0LHbsuKYWq&Expires=1611431422" ], "image_urls_thumbnails": [ "https://demo-app-photos-45687895456123.s3.amazonaws.com/c96e82f913034c27b291a1722613f162-thumbnail?AWSAccessKeyId=ASIASV3YI6A4Z77HC5FE&Signature=SJdrcy6OxplGgCZwHgvlwqApucU%3D&x-amz-security-token=IQoJb3JpZ2luX2VjEAMaCXVzLWVhc3QtMSJHMEUCIDZ9pAuxqAsDByy8tBuawFPbw44495Lvkgnu4Cnkh2DWAiEAjXRbQZC8Ghewl%2Ffi7U845EZ4icFvhYXgtc0CkZ9C0wUq1wEI3P%2F%2F%2F%2F%2F%2F%2F%2F%2F%2FARACGgwxODQzOTg5NjY4NDEiDFEacfJgtCgKpn57giqrAU2l%2BCVi0lE96MnBXeOYNLJWC8HpmpYZ7NIOXyiuMxbq3HamgwN0UmK6VzeiMc9Ap1wFWsp2zfP0MEBLZeS4DsxlgxSFEYssWI75%2FS%2BwZT8Y%2B8wi0tTnu0p9i9YBLTaJF5L3jpcx5LasVHVYjqswH9Hg5eL8Xlr592Jnsbvk0epLb7VVvLpcX7ZMSiaWksRJ%2FdL6fKqsU8dtDRncmFsZvStaL1%2F0luVDMdmUijDo37GABjrgAfzlp1%2BG0b3E7NBm0VMIMrLBvqy4NASh%2FQ2c4vR23KIoDd3Qp8qMNzGqQAcvJhYegrr8HWhI5I3197eSjl7xVfJHc2odPH8PFsAeTB3JdUYrA7ZVbDuQ3URZ3BvynCcAIbdBITZxzN0uyr4dga01TSBPmToVCQZQ3F41INNzlmFw2djEylMlnGw8bkbyF%2B1eF552Rs8v%2BsiwRQ57Z%2B9lJScNq2zy7ce06D24vW1gm8mFAeTxF8bsFOp9FGikvl4RFjBt7f6Wsx48Cs0j8hXR%2Bkhw%2BogLplXnts0LHbsuKYWq&Expires=1611431422" ] } ], "pagination": { "key": null } }
